index,rho,alpha,misconduct_harm,horizon,original_regime,original_gain,refined_fixed_phi,refined_clean_phi,refined_nonclean_phi,refined_gain,gain_change,normalized_gain_fixed_range,prediction_phi_refined,prediction_welfare_distance,misconduct,repeat_misconduct,effort,quality,lower_bound_hit,upper_bound_hit,longer_horizon_fixed_policy_gain,nested_ok,grid_points
0,0.0,0.3,0.6,6,NEGLIGIBLE,0.0,0.0,0.0,0.03,6.99684716446991e-05,6.99684716446991e-05,7.602970371365155e-05,0.0,0.0,0.49999999668943146,0.0,0.683783210782441,0.2051349632347322,True,False,,True,6
1,0.0,0.3,0.6,12,NEGLIGIBLE,0.0,0.0,0.0,0.0,0.0,0.0,0.0,0.0,0.0,0.49999999999999994,0.0,1.0223751559890597,0.30671254679671744,True,False,,True,6
2,0.0,0.3,1.8,6,LARGE,0.14261385543229255,0.0,0.0,0.99,0.14061819139249887,-0.0019956640397936765,0.21538213597488143,0.0,0.0,0.3054991414739911,0.0,0.04169767614963104,0.01250930284488931,True,True,,True,10
3,0.0,0.3,1.8,12,NEGLIGIBLE,0.0,0.0,0.0,0.0,0.0,0.0,0.0,0.0,0.0,0.49999999999999994,0.0,1.0223751559890597,0.30671254679671744,True,False,,True,6
4,0.0,0.55,0.6,6,LARGE,0.10322190958543476,0.87,0.0,0.99,0.09691491899589816,-0.0063069905895365985,0.0510353448564972,0.79,-0.07999999999999996,0.3054991414739911,0.0,0.0777030399657594,0.042736671981167686,True,True,,True,19
5,0.0,0.55,0.6,12,MODERATE,0.063659751561425,0.88,0.0,0.91,0.09065580327364464,0.026996051712219638,0.03444303786999118,0.79,-0.08999999999999997,0.4999994137246493,0.0,1.2487819148389956,0.6868300531614485,True,False,,True,15
6,0.0,0.55,1.8,6,LARGE,0.3631055988709524,0.87,0.0,0.99,0.35679860828141563,-0.006306990589536765,0.08084368828347163,0.79,-0.07999999999999996,0.3054991414739911,0.0,0.0777030399657594,0.042736671981167686,True,True,,True,19
7,0.0,0.55,1.8,12,MODERATE,0.14997745786559902,0.87,0.0,0.99,0.12352512423058881,-0.026452333635010206,0.021579780911705877,0.79,-0.07999999999999996,0.42433883206529116,0.0,0.213177436032027,0.11724758981761493,True,True,,True,19
8,0.0,0.8,0.6,6,LARGE,0.18200950941190963,0.9,0.0,0.93,0.1160856402844867,-0.06592386912742293,0.15694090263525454,0.91,0.010000000000000009,0.49800203000079535,0.0,0.8100838834289311,0.6480671067431448,True,False,,True,19
9,0.0,0.8,0.6,12,LARGE,0.9531359970739375,0.94,0.0,0.94,0.18926828471720603,-0.7638677123567315,0.1364226179950947,0.93,-0.009999999999999898,0.4999706409552771,0.0,1.9353678922763784,1.5482943138211043,True,False,,True,19
10,0.0,0.8,1.8,6,LARGE,0.4418931986974274,0.91,0.0,0.99,0.36355368536243926,-0.07833951333498812,0.11155182935442001,0.91,0.0,0.3054991414739911,0.0,0.11547040558380128,0.09237632446704104,True,True,,True,19
11,0.0,0.8,1.8,12,LARGE,1.0842198912767604,0.93,0.0,0.99,0.21220263671272477,-0.8720172545640357,0.03425701514230304,0.93,0.0,0.42433883206529116,0.0,0.3124986875662672,0.24999895005301373,True,True,,True,10
12,0.45,0.3,0.6,6,LARGE,0.05439387979824861,0.79,0.0,0.99,0.045766962628550734,-0.008626917169697879,0.09545793242064952,0.03,-0.76,0.3054991414739911,0.0,0.04287922323340704,0.4115934223434061,True,True,,True,19
13,0.45,0.3,0.6,12,SMALL,0.0021878095752461135,0.45,0.0,0.45,0.0021878095752460025,-1.1102230246251565e-16,0.39536511490405496,0.0,-0.45,0.49999999999993383,0.0,1.427764514568393,1.1107113839977871,True,False,,True,3
14,0.45,0.3,1.8,6,LARGE,0.31427756908376636,0.79,0.0,0.99,0.3088234908285584,-0.005454078255207939,1.427162369559035,0.03,-0.76,0.3054991414739911,0.0,0.04287922323340704,0.4115934223434061,True,True,,True,19
15,0.45,0.3,1.8,12,SMALL,0.0021878095752458915,0.45,0.0,0.45,0.0021878095752461135,2.220446049250313e-16,0.31551512680544636,0.0,-0.45,0.49999999999993383,0.0,1.427764514568393,1.1107113839977871,True,False,,True,3
16,0.45,0.55,0.6,6,MODERATE,0.022935475232165214,0.82,0.0,0.82,0.017178293648527743,-0.005757181583637472,0.01125884013905386,0.91,0.09000000000000008,0.49997160396169715,0.0,1.8735844569075237,2.05285577862893,True,False,,True,15
17,0.45,0.55,0.6,12,MODERATE,0.028744193950804853,0.88,0.0,0.88,0.029797470901077316,0.0010532769502724637,0.011648841965444114,0.91,0.030000000000000027,0.4999999490135756,0.0,3.4596326965101185,3.639263587348055,True,False,,True,15
18,0.45,0.55,1.8,6,MODERATE,0.1781810974747956,0.82,0.0,0.99,0.13213438741174677,-0.046046710063048835,0.032718301841666665,0.9,0.08000000000000007,0.3054991414739911,0.0,0.07928845663242606,0.4619980874442625,True,True,,True,19
19,0.45,0.55,1.8,12,LARGE,0.471994108438871,0.88,0.0,0.88,0.029797470901077316,-0.4421966375377937,0.0041066743129853514,0.93,0.050000000000000044,0.4999999490135756,0.0,3.4596326965101185,3.639263587348055,True,False,,True,19
20,0.45,0.8,0.6,6,MODERATE,0.023523503292543713,0.85,0.0,0.85,0.023518528263581195,-4.975028962517225e-06,0.10125513209335107,0.85,0.0,0.9962067897630124,0.0,2.1037883537869786,3.120506330224286,True,False,,True,3
21,0.45,0.8,0.6,12,MODERATE,0.024796866262663975,0.85,0.0,0.85,0.02480794595644853,1.1079693784554756e-05,0.032352126805907724,0.85,0.0,1.9559915968148918,0.9559939804308715,4.361512570089073,6.339646751958429,True,False,0.03180431797380845,True,3
22,0.45,0.8,1.8,6,LARGE,0.5252133686838575,0.93,0.0,0.93,0.0686094106421371,-0.4566039580417204,0.02302909202945337,0.96,0.029999999999999916,0.49800203000079535,0.0,1.0534759589992215,1.763180993320035,True,False,,True,10
23,0.45,0.8,1.8,12,LARGE,0.6287278406779324,0.94,0.0,0.94,0.09916005841787656,-0.5295677822600559,0.017142276425802842,0.96,0.020000000000000018,0.7402536757545685,0.0,2.5471389765267918,3.8959573543960953,True,False,,True,19
24,0.9,0.3,0.6,6,SMALL,0.008605103361279953,0.85,0.0,0.85,0.008605103361280175,2.220446049250313e-16,0.011707702359279913,0.85,0.0,0.6925300188619713,0.0,0.9414638390744836,2.7699494157434534,True,False,,True,3
25,0.9,0.3,0.6,12,MODERATE,0.026461759596588252,0.85,0.0,0.85,0.02655056904233355,8.880944574529703e-05,0.018545942888753005,0.85,0.0,1.2457364752783968,0.24578150370785748,2.00720756666729,5.343866548814513,True,False,0.027307507491470817,True,3
26,0.9,0.3,1.8,6,MODERATE,0.10545676576769114,0.99,0.12,0.99,0.10638430719626313,0.0009275414285719874,0.03524694149072154,0.96,-0.030000000000000027,0.3054991414739911,0.0,0.045807328046248916,1.9349888667257371,False,True,,True,10
27,0.9,0.3,1.8,12,MODERATE,0.19382564058370289,0.93,0.0,0.93,0.020636144221206743,-0.17318949636249614,0.0035231787472146583,0.96,0.029999999999999916,0.4999920162317646,0.0,1.2419731801362008,4.347645722529479,True,False,,True,10
28,0.9,0.55,0.6,6,LARGE,0.04635926156616621,0.73,0.0,0.73,0.025352480772226293,-0.021006780793939916,0.05425880386823897,0.99,0.26,1.4788515764426335,0.478970084101584,1.7416707800490387,4.529672116098807,True,False,0.0465360295704782,True,15
29,0.9,0.55,0.6,12,MODERATE,0.10493802533634478,0.85,0.0,0.85,0.10500302521012306,6.499987377828198e-05,0.24622113262609718,0.0,-0.85,2.2096960083917887,1.2096983920077664,2.573465186326553,8.088977484147728,True,False,0.14864921022937683,True,3
30,0.9,0.55,1.8,6,MODERATE,0.10545676576769114,0.93,0.0,0.93,0.020480893404104583,-0.08497587236358656,0.00708618248985542,0.99,0.05999999999999994,0.49800203000079535,0.0,0.8275467248037337,3.321989473892161,True,False,,True,10
31,0.9,0.55,1.8,12,MODERATE,0.10493802533634483,0.85,0.0,0.85,0.105003025210123,6.499987377817096e-05,0.02775462575914412,0.0,-0.85,2.2096960083917887,1.2096983920077664,2.573465186326553,8.088977484147728,True,False,0.14864921022937705,True,3
32,0.9,0.8,0.6,6,SMALL,0.0024645428508465184,0.0,0.99,0.0,0.0024540122633764927,-1.0530587470025665e-05,0.0024615857454718636,0.99,0.99,2.932296799648074,1.9322968793563793,1.058594520201591,4.505971347635542,True,True,0.0071400459042259,True,3
33,0.9,0.8,0.6,12,SMALL,0.007129549369269128,0.0,0.99,0.0,0.0071400459042259,1.0496534956772052e-05,0.0029345831924439004,0.99,0.99,5.864888552660558,4.864888552660512,1.5041629224420896,7.993071536928976,True,True,0.013835911500633458,True,3
34,0.9,0.8,1.8,6,MODERATE,0.10545676576769147,0.96,0.0,0.96,0.039547324032314424,-0.06590944173537705,0.01800058846983127,0.99,0.030000000000000027,0.48257680253942736,0.0,0.6399679909949247,3.473315844339773,True,False,,True,10
35,0.9,0.8,1.8,12,MODERATE,0.1938256405837069,0.96,0.0,0.96,0.11417472932907158,-0.07965091125463533,0.02830433226617706,0.99,0.030000000000000027,0.8412715113185776,0.0,1.9043877574235755,7.404582775557474,True,False,,True,10
